Observable,Count
coronavirus-map.com.,18
coronavirus-app.de.,12
oath-covid-19-prepare.com.,10
coronavirus-lb.com.,9
coronavirus-covid19.com.,8
covid-101.com.,8
covid-19-test.org.,8
covid-19.tn.,8
covid-19insurance.com.,8
covid-19vaccines.com.,8
wordpress-covid-19facts-com-1455892832.eu-central-1.elb.amazonaws.com.,7
coronavirus-covid19.app.,6
coronavirus-entraide.be.,6
coronavirus-medical.com.,6
coronavirus-moscow.ru.,6
coronavirus-ncov.ru.,6
coronavirus-updates.live.,6
covid-19.planetafutbol.co.,6
covid-19.theabdteam.com.,6
covid-19checker.com.,6
covid-19drug.com.,6
covid-19media.com.,6
mail.coronavirus-app.de.,6
coronavirus-map.org.,5
coronavirus-overview.com.,5
coronavirus-symptoms-updates.com.,5
covid-19-crisis.org.,5
covid-19-protection.co.uk.,5
covid-19.gov.gr.,5
covid-19.no.,5
covid-19.to.,5
covid-antibody-test.com.,5
covid-speyer.de.,5
www.coronavirus-lb.com.,5
anti-covid-19.ru.,4
coronavirus-appde.mamakuki.com.,4
coronavirus-control.ru.,4
coronavirus-covid2019-20.ru.,4
coronavirus-easy-test.com.,4
coronavirus-epidemic.com.,4
coronavirus-facemask.com.,4
coronavirus-maps.ru.,4
coronavirus-pray-now.com.,4
coronavirus-russian.ru.,4
coronavirus-support.org.uk.,4
coronavirus-survey.com.,4
coronavirus-tracker.app.,4
covid-19-analyses.com.,4
covid-19-api-sharad.now.sh.,4
covid-19-china.com.,4
covid-19-ebook.ml.,4
covid-19-italia.it.,4
covid-19-training.com.,4
covid-19-treatment.com.,4
covid-19.classyservers.in.,4
covid-19.duykhanhit.com.,4
covid-19.gunadarma.ac.id.,4
covid-19.kromelis.lt.,4
covid-19.pk.,4
covid-19.zbmed.de.,4
covid-19cure.com.,4
covid-19deepcleaning.co.uk.,4
covid-19drugs.com.,4
covid-19facemask.com.,4
covid-19rx.com.,4
covid-19vaccine.org.,4
covid-api.test.wearenot.com.,4
covid-chat.net.,4
covid-map.onrender.com.,4
covid-simulation.net.,4
kg-covid19-v5-ced7eec4-e80ef8af1135300b247ead41.ds-covid19.res.ibm.com.,4
share-art-covid-19.com.,4
www.anti-covid-19.ru.,4
www.coronavirus-app.de.,4
www.coronavirus-medical.com.,4
www.coronavirus-tracker.app.,4
www.eurofins-diatherix-covid-19.com.,4
www.nk-covid-19.nkuniversity.net.,4
www.shop.mask-covid-19.com.,4
caronavirus-covid-19.ru.,3
coronavirus-argentina.com.,3
coronavirus-cdc.nl.,3
coronavirus-germaniya.ru.,3
coronavirus-health.com.,3
coronavirus-info.co.,3
coronavirus-map.news.,3
covid-19.skillythebot.com.,3
covid-19.skotial.net.,3
covid-19floorsigns.com.,3
covid-19rn.com.,3
covid-community.co.uk.,3
covid-corona-virus.info.,3
covid-fighter.myshopify.com.,3
covid-pakistan.com.,3
covid-radar.org.,3
kg-covid19-v3-7ebd9b59-e80ef8af1135300b247ead41.ds-covid19.res.ibm.com.,3
kg-public-test-2-fe7866ed-6a2fa8d457d1f6717a06e5e8.ds-covid19.res.ibm.com.,3
mail.covid-19.am.,3
masque-protection-coronavirus-tissu.com.,3
www.a-covid-19.com.,3
www.caronavirus-covid-19.ru.,3
www.coronavirus-support.org.uk.,3
www.oxyclearpro.com.,3
a-covid-19.com.,2
abc2.ds-covid19.res.ibm.com.,2
autodiscover.a-covid-19.com.,2
coronavirus-2020.su.,2
coronavirus-asia.ru.,2
coronavirus-atemschutz-maske.de.,2
coronavirus-austria.ru.,2
coronavirus-canada.ru.,2
coronavirus-china.ru.,2
coronavirus-clinic.com.,2
coronavirus-covid19-news.com.,2
coronavirus-data.ru.,2
coronavirus-death-estimator.cooperbrosgall.repl.run.,2
coronavirus-entraide.bestring.eu.,2
coronavirus-espana.es.,2
coronavirus-europe.eu.,2
coronavirus-france.completstreamingvk.co.,2
coronavirus-game.com.,2
coronavirus-hacks.com.,2
coronavirus-hotline.ru.,2
coronavirus-hygiene.de.,2
coronavirus-israel.ru.,2
coronavirus-justice.be.,2
coronavirus-lipetsk.ru.,2
coronavirus-map.fr.,2
coronavirus-market.myshopify.com.,2
coronavirus-memes.es.,2
coronavirus-moscow.bruce-li.ru.,2
coronavirus-oubreak.com.,2
coronavirus-pandemic-2020.com.,2
coronavirus-ph-api.now.sh.,2
coronavirus-portal.com.,2
coronavirus-prevent.com.,2
coronavirus-signs.com.,2
coronavirus-soforthilfe.com.,2
coronavirus-staging.oit.duke.edu.,2
coronavirus-store1.myshopify.com.,2
coronavirus-symptoms-updates.arabicmehndidesign.in.,2
coronavirus-test.co.,2
coronavirus-tips.com.,2
coronavirus-wastun.de.,2
covid-19-analysis.onrender.com.,2
covid-19-forum.ru.,2
covid-19-global.daytonufo.com.,2
covid-19-info.myshopify.com.,2
covid-19-jobs.co.uk.,2
covid-19-map.ucot.world.,2
covid-19-operation-1-ere-urgence.fr.,2
covid-19-rehabilitation.com.,2
covid-19-test-kits.com.,2
covid-19.aircode.it.,2
covid-19.am.,2
covid-19.c-tf.com.,2
covid-19.com.tr.,2
covid-19.go123.biz.,2
covid-19.intcore.net.,2
covid-19.irina-shulgina.ru.,2
covid-19.lyricalbuzz.com.,2
covid-19.mn.,2
covid-19.photographeress.com.,2
covid-19.rankfoundry.com.,2
covid-19.sco.mx.,2
covid-19.scvo.org.,2
covid-19.sennalabs.com.,2
covid-19.sr.,2
covid-19.stanford.edu.,2
covid-19.tvaccess.com.,2
covid-19.vmsz.org.rs.,2
covid-19alert.com.,2
covid-19api.maharashtra.gov.in.,2
covid-19countdown.com.,2
covid-19facts.com.,2
covid-19forpresident.com.,2
covid-19journey.com.,2
covid-19mask.org.,2
covid-19panama.org.,2
covid-19sa.co.za.,2
covid-19sos.com.,2
covid-19vaccine.co.uk.,2
covid-2019.be.,2
covid-2019.zoekenvind.be.,2
covid-21.xyz.,2
covid-a-casa.info.,2
covid-airway-npv.info.,2
covid-antibody-test.brittpost.com.,2
covid-api-test.wearenot.com.,2
covid-api.nuwber.com.,2
covid-cases.now.sh.,2
covid-corona.ml.,2
covid-dw.telehealth.ph.,2
covid-forum.de.,2
covid-game.com.,2
covid-ia.org.,2
covid-maska.ru.,2
covid-masks-19.myshopify.com.,2
covid-masks19.com.,2
covid-monitor.com.,2
covid-pharma.ru.,2
covid-quarantine.com.,2
covid-test-online.com.,2
eurofins-diatherix-covid-19.com.,2
i-survived-coronavirus-shop.myshopify.com.,2
infos-coronavirus-malmedy.be.,2
juego-covid-mat.tabulatest.cl.,2
kg-covid19-v4-1-f12ee80c-e80ef8af1135300b247ead41.ds-covid19.res.ibm.com.,2
kg-drugbank-434cf0e2-6a2fa8d457d1f6717a06e5e8.ds-covid19.res.ibm.com.,2
kg-public-v2-589ab9e4-6a2fa8d457d1f6717a06e5e8.ds-covid19.res.ibm.com.,2
kg-public-v3-9325e65d-6a2fa8d457d1f6717a06e5e8.ds-covid19.res.ibm.com.,2
koronavirus-covid-19.cz.,2
lp.offizieller-coronavirus-ratgeber.de.,2
mail.coronavirus-entraide.be.,2
mail.coronavirus-info.co.,2
mail.coronavirus-moscow.ru.,2
mail.coronavirus-support.org.uk.,2
mail.covid-19rn.com.,2
missouri-coronavirus-gis-hub-m.just-shared.top.,2
nk-covid-19.nkuniversity.net.,2
pixine-covid-19.freeboxos.fr.,2
project-covid-19.com.,2
shop.mask-covid-19.com.,2
webmail.a-covid-19.com.,2
webmail.covid-antibody-test.com.,2
wuhan-coronavirus-api.laeyoung.endpoint.ainize.ai.,2
wuhan-coronavirus-api.laeyoung.endpoint.dev.ainize.ai.,2
www.andratuttobeneshop.it.,2
www.coronavirus-cdc.nl.,2
www.coronavirus-entraide.be.,2
www.coronavirus-health.com.,2
www.coronavirus-info.co.,2
www.coronavirus-map.news.,2
www.coronavirus-map.org.,2
www.coronavirus-market.shop.,2
www.coronavirus-moscow.ru.,2
www.coronavirus-overview.com.,2
www.covid-19-protection.co.uk.,2
www.covid-19.am.,2
www.covid-19.no.,2
www.covid-19antibody.com.,2
www.covid-19countdown.com.,2
www.covid-19facemask.com.,2
www.covid-19facts.com.,2
www.covid-19rn.com.,2
www.covid-corona-virus.info.,2
www.covid-masks19.com.,2
www.covid-pakistan.com.,2
www.covid19-merch.com.,2
www.covid19-stop.de.,2
www.infos-coronavirus-malmedy.be.,2
www.isurvivedcoronavirusshop.com.,2
www.mestek.fr.,2
www.xn--covid-19opplring-5ob.com.,2
www.xn--covid-jlich-zhb.de.,2
xn--covid-jlich-zhb.de.,2
abc.ds-covid19.res.ibm.com.,1
coronavirus-belgium.ru.,1
coronavirus-entschaedigung.de.,1
coronavirus-face-mask.today.,1
coronavirus-foerdermittel.eu.,1
coronavirus-france.ru.,1
coronavirus-information.ru.,1
coronavirus-krasnodar.ru.,1
coronavirus-map.net.,1
coronavirus-monitorr.ru.,1
coronavirus-monitorx.ru.,1
coronavirus-saftey-protection.com.,1
coronavirus-sick.ru.,1
coronavirus-stat.su.,1
coronavirus-symptom.ru.,1
coronavirus-tees.myshopify.com.,1
coronavirus-world-prevention.com.,1
covid-19-chat.brianmuks.repl.run.,1
covid-19-deep-clean-scotland.com.,1
covid-19-stop.myshopify.com.,1
covid-19.ceccar.ro.,1
covid-19.insign.ch.,1
covid-19.moordvorik.ru.,1
covid-19.mothersmart.com.tr.,1
covid-19.net.in.,1
covid-19.openmedical.de.,1
covid-19.re.,1
covid-19.tikblue.com.,1
covid-19.toto4d.xyz.,1
covid-19.vle.rcseng.ac.uk.,1
covid-19dentalupdate.com.,1
covid-19refund.uk.,1
covid-19screening.net.,1
covid-19superstore.com.,1
covid-19updates.affiliatehacks.org.,1
covid-2019ch.zoekenvind.be.,1
covid-calm.com.,1
covid-consumer.com.,1
covid-goa-mapped.live.,1
covid-impfung.com.,1
covid-memorial.us.,1
cpanel.a-covid-19.com.,1
cpanel.covid-antibody-test.com.,1
ibm-covid-deepsearch-6a92448a8785f05ecf18ac7bff8cf821-0000.eu-de.containers.appdomain.cloud.,1
mail.coronavirus-easy-test.com.,1
mail.covid-19.to.,1
mail.covid-19countdown.com.,1
non-payment-covid-test.genius.co.uk.,1
novel-covid-19.com.,1
www.coronavirus-easy-test.com.,1
www.coronavirus-pray-now.com.,1
www.covid-19.com.tr.,1
www.covid-19.theabdteam.com.,1
www.covid-19.to.,1
www.covid-2019.be.,1
www.covid-antibody-test.com.,1
www.covid-calm.com.,1
www.covid-community.co.uk.,1
www.covid-speyer.de.,1
www.covid-test-online.com.,1
www.novel-covid-19.com.,1
www.xn--covid-19-test-zrich-kbc.ch.,1